"STATION","NAME","DATE","WT01","WT02","WT03","WT08"
"USW00023174","LOS ANGELES INTERNATIONAL AIRPORT, CA US","2020-01-01",,,,"    1"
"USW00023174","LOS ANGELES INTERNATIONAL AIRPORT, CA US","2020-01-02","    1",,,"    1"
"USW00023174","LOS ANGELES INTERNATIONAL AIRPORT, CA US","2020-01-03",,,,
"USW00023174","LOS ANGELES INTERNATIONAL AIRPORT, CA US","2020-01-04",,,,
"USW00023174","LOS ANGELES INTERNATIONAL AIRPORT, CA US","2020-01-05",,,,
"USW00023174","LOS ANGELES INTERNATIONAL AIRPORT, CA US","2020-01-06",,,,
"USW00023174","LOS ANGELES INTERNATIONAL AIRPORT, CA US","2020-01-07",,,,
"USW00023174","LOS ANGELES INTERNATIONAL AIRPORT, CA US","2020-01-08","    1","    1",,"    1"
"USW00023174","LOS ANGELES INTERNATIONAL AIRPORT, CA US","2020-01-09",,,,
"USW00023174","LOS ANGELES INTERNATIONAL AIRPORT, CA US","2020-01-10",,,,
"USW00023174","LOS ANGELES INTERNATIONAL AIRPORT, CA US","2020-01-11",,,,
"USW00023174","LOS ANGELES INTERNATIONAL AIRPORT, CA US","2020-01-12",,,,
"USW00023174","LOS ANGELES INTERNATIONAL AIRPORT, CA US","2020-01-13","    1",,,"    1"
"USW00023174","LOS ANGELES INTERNATIONAL AIRPORT, CA US","2020-01-14",,,,"    1"
"USW00023174","LOS ANGELES INTERNATIONAL AIRPORT, CA US","2020-01-15",,,,"    1"
"USW00023174","LOS ANGELES INTERNATIONAL AIRPORT, CA US","2020-01-16","    1",,,"    1"
"USW00023174","LOS ANGELES INTERNATIONAL AIRPORT, CA US","2020-01-17","    1",,,
"USW00023174","LOS ANGELES INTERNATIONAL AIRPORT, CA US","2020-01-18",,,,
"USW00023174","LOS ANGELES INTERNATIONAL AIRPORT, CA US","2020-01-19",,,,
"USW00023174","LOS ANGELES INTERNATIONAL AIRPORT, CA US","2020-01-20",,,,
"USW00023174","LOS ANGELES INTERNATIONAL AIRPORT, CA US","2020-01-21",,,,
"USW00023174","LOS ANGELES INTERNATIONAL AIRPORT, CA US","2020-01-22",,,,"    1"
"USW00023174","LOS ANGELES INTERNATIONAL AIRPORT, CA US","2020-01-23",,,,"    1"
"USW00023174","LOS ANGELES INTERNATIONAL AIRPORT, CA US","2020-01-24","    1","    1",,
"USW00023174","LOS ANGELES INTERNATIONAL AIRPORT, CA US","2020-01-25","    1","    1",,"    1"
"USW00023174","LOS ANGELES INTERNATIONAL AIRPORT, CA US","2020-01-26","    1",,,"    1"
"USW00023174","LOS ANGELES INTERNATIONAL AIRPORT, CA US","2020-01-27","    1",,,"    1"
"USW00023174","LOS ANGELES INTERNATIONAL AIRPORT, CA US","2020-01-28",,,,
"USW00023174","LOS ANGELES INTERNATIONAL AIRPORT, CA US","2020-01-29",,,,
"USW00023174","LOS ANGELES INTERNATIONAL AIRPORT, CA US","2020-01-30",,,,
"USW00023174","LOS ANGELES INTERNATIONAL AIRPORT, CA US","2020-01-31",,,,
"USW00023174","LOS ANGELES INTERNATIONAL AIRPORT, CA US","2020-02-01",,,,"    1"
"USW00023174","LOS ANGELES INTERNATIONAL AIRPORT, CA US","2020-02-02","    1",,,
"USW00023174","LOS ANGELES INTERNATIONAL AIRPORT, CA US","2020-02-03",,,,
"USW00023174","LOS ANGELES INTERNATIONAL AIRPORT, CA US","2020-02-04",,,,
"USW00023174","LOS ANGELES INTERNATIONAL AIRPORT, CA US","2020-02-05",,,,
"USW00023174","LOS ANGELES INTERNATIONAL AIRPORT, CA US","2020-02-06",,,,
"USW00023174","LOS ANGELES INTERNATIONAL AIRPORT, CA US","2020-02-07",,,,
"USW00023174","LOS ANGELES INTERNATIONAL AIRPORT, CA US","2020-02-08","    1","    1",,"    1"
"USW00023174","LOS ANGELES INTERNATIONAL AIRPORT, CA US","2020-02-09",,,,
"USW00023174","LOS ANGELES INTERNATIONAL AIRPORT, CA US","2020-02-10",,,,
"USW00023174","LOS ANGELES INTERNATIONAL AIRPORT, CA US","2020-02-11",,,,
"USW00023174","LOS ANGELES INTERNATIONAL AIRPORT, CA US","2020-02-12",,,,
"USW00023174","LOS ANGELES INTERNATIONAL AIRPORT, CA US","2020-02-13","    1",,,"    1"
"USW00023174","LOS ANGELES INTERNATIONAL AIRPORT, CA US","2020-02-14",,,,
"USW00023174","LOS ANGELES INTERNATIONAL AIRPORT, CA US","2020-02-15","    1",,,"    1"
"USW00023174","LOS ANGELES INTERNATIONAL AIRPORT, CA US","2020-02-16","    1","    1",,"    1"
"USW00023174","LOS ANGELES INTERNATIONAL AIRPORT, CA US","2020-02-17","    1","    1",,"    1"
"USW00023174","LOS ANGELES INTERNATIONAL AIRPORT, CA US","2020-02-18","    1","    1",,"    1"
"USW00023174","LOS ANGELES INTERNATIONAL AIRPORT, CA US","2020-02-19",,,,"    1"
"USW00023174","LOS ANGELES INTERNATIONAL AIRPORT, CA US","2020-02-20","    1",,,"    1"
"USW00023174","LOS ANGELES INTERNATIONAL AIRPORT, CA US","2020-02-21",,,,"    1"
"USW00023174","LOS ANGELES INTERNATIONAL AIRPORT, CA US","2020-02-22",,,"    1",
"USW00023174","LOS ANGELES INTERNATIONAL AIRPORT, CA US","2020-02-23",,,,
"USW00023174","LOS ANGELES INTERNATIONAL AIRPORT, CA US","2020-02-24",,,,
"USW00023174","LOS ANGELES INTERNATIONAL AIRPORT, CA US","2020-02-25",,,,
"USW00023174","LOS ANGELES INTERNATIONAL AIRPORT, CA US","2020-02-26",,,,
"USW00023174","LOS ANGELES INTERNATIONAL AIRPORT, CA US","2020-02-27",,,,
"USW00023174","LOS ANGELES INTERNATIONAL AIRPORT, CA US","2020-02-28",,,,
"USW00023174","LOS ANGELES INTERNATIONAL AIRPORT, CA US","2020-02-29",,,,
"USW00023174","LOS ANGELES INTERNATIONAL AIRPORT, CA US","2020-03-01",,,,
"USW00023174","LOS ANGELES INTERNATIONAL AIRPORT, CA US","2020-03-02",,,,
"USW00023174","LOS ANGELES INTERNATIONAL AIRPORT, CA US","2020-03-03",,,,
"USW00023174","LOS ANGELES INTERNATIONAL AIRPORT, CA US","2020-03-04","    1",,,"    1"
"USW00023174","LOS ANGELES INTERNATIONAL AIRPORT, CA US","2020-03-05","    1",,,"    1"
"USW00023174","LOS ANGELES INTERNATIONAL AIRPORT, CA US","2020-03-06","    1",,,"    1"
"USW00023174","LOS ANGELES INTERNATIONAL AIRPORT, CA US","2020-03-07",,,,
"USW00023174","LOS ANGELES INTERNATIONAL AIRPORT, CA US","2020-03-08",,,,
"USW00023174","LOS ANGELES INTERNATIONAL AIRPORT, CA US","2020-03-09",,,,
"USW00023174","LOS ANGELES INTERNATIONAL AIRPORT, CA US","2020-03-10","    1",,,"    1"
"USW00023174","LOS ANGELES INTERNATIONAL AIRPORT, CA US","2020-03-11",,,,
"USW00023174","LOS ANGELES INTERNATIONAL AIRPORT, CA US","2020-03-12","    1",,,
"USW00023174","LOS ANGELES INTERNATIONAL AIRPORT, CA US","2020-03-13","    1",,,"    1"
"USW00023174","LOS ANGELES INTERNATIONAL AIRPORT, CA US","2020-03-14","    1",,,"    1"
"USW00023174","LOS ANGELES INTERNATIONAL AIRPORT, CA US","2020-03-15","    1",,,"    1"
"USW00023174","LOS ANGELES INTERNATIONAL AIRPORT, CA US","2020-03-16","    1",,,
"USW00023174","LOS ANGELES INTERNATIONAL AIRPORT, CA US","2020-03-17",,,,
"USW00023174","LOS ANGELES INTERNATIONAL AIRPORT, CA US","2020-03-18",,,,
"USW00023174","LOS ANGELES INTERNATIONAL AIRPORT, CA US","2020-03-19",,,,
"USW00023174","LOS ANGELES INTERNATIONAL AIRPORT, CA US","2020-03-20",,,,
"USW00023174","LOS ANGELES INTERNATIONAL AIRPORT, CA US","2020-03-21",,,,
"USW00023174","LOS ANGELES INTERNATIONAL AIRPORT, CA US","2020-03-22","    1",,,"    1"
"USW00023174","LOS ANGELES INTERNATIONAL AIRPORT, CA US","2020-03-23",,,,
"USW00023174","LOS ANGELES INTERNATIONAL AIRPORT, CA US","2020-03-24",,,,
"USW00023174","LOS ANGELES INTERNATIONAL AIRPORT, CA US","2020-03-25",,,,
"USW00023174","LOS ANGELES INTERNATIONAL AIRPORT, CA US","2020-03-26",,,,
"USW00023174","LOS ANGELES INTERNATIONAL AIRPORT, CA US","2020-03-27",,,,
"USW00023174","LOS ANGELES INTERNATIONAL AIRPORT, CA US","2020-03-28",,,,
"USW00023174","LOS ANGELES INTERNATIONAL AIRPORT, CA US","2020-03-29",,,,
"USW00023174","LOS ANGELES INTERNATIONAL AIRPORT, CA US","2020-03-30",,,,
"USW00023174","LOS ANGELES INTERNATIONAL AIRPORT, CA US","2020-03-31",,,,
"USW00023174","LOS ANGELES INTERNATIONAL AIRPORT, CA US","2020-04-01","    1",,,"    1"
"USW00023174","LOS ANGELES INTERNATIONAL AIRPORT, CA US","2020-04-02",,,,
"USW00023174","LOS ANGELES INTERNATIONAL AIRPORT, CA US","2020-04-03",,,,
"USW00023174","LOS ANGELES INTERNATIONAL AIRPORT, CA US","2020-04-04",,,,
"USW00023174","LOS ANGELES INTERNATIONAL AIRPORT, CA US","2020-04-05",,,,"    1"
"USW00023174","LOS ANGELES INTERNATIONAL AIRPORT, CA US","2020-04-06","    1",,,
"USW00023174","LOS ANGELES INTERNATIONAL AIRPORT, CA US","2020-04-07","    1",,,
"USW00023174","LOS ANGELES INTERNATIONAL AIRPORT, CA US","2020-04-08","    1",,,"    1"
"USW00023174","LOS ANGELES INTERNATIONAL AIRPORT, CA US","2020-04-09","    1",,,
"USW00023174","LOS ANGELES INTERNATIONAL AIRPORT, CA US","2020-04-10",,,,"    1"
"USW00023174","LOS ANGELES INTERNATIONAL AIRPORT, CA US","2020-04-11",,,,
"USW00023174","LOS ANGELES INTERNATIONAL AIRPORT, CA US","2020-04-12",,,,
"USW00023174","LOS ANGELES INTERNATIONAL AIRPORT, CA US","2020-04-13",,,,
"USW00023174","LOS ANGELES INTERNATIONAL AIRPORT, CA US","2020-04-14",,,,
"USW00023174","LOS ANGELES INTERNATIONAL AIRPORT, CA US","2020-04-15",,,,
"USW00023174","LOS ANGELES INTERNATIONAL AIRPORT, CA US","2020-04-16","    1",,,"    1"
"USW00023174","LOS ANGELES INTERNATIONAL AIRPORT, CA US","2020-04-17",,,,
"USW00023174","LOS ANGELES INTERNATIONAL AIRPORT, CA US","2020-04-18",,,,
"USW00023174","LOS ANGELES INTERNATIONAL AIRPORT, CA US","2020-04-19",,,,
"USW00023174","LOS ANGELES INTERNATIONAL AIRPORT, CA US","2020-04-20",,,,
"USW00023174","LOS ANGELES INTERNATIONAL AIRPORT, CA US","2020-04-21",,,,
"USW00023174","LOS ANGELES INTERNATIONAL AIRPORT, CA US","2020-04-22",,,,
"USW00023174","LOS ANGELES INTERNATIONAL AIRPORT, CA US","2020-04-23",,,,
"USW00023174","LOS ANGELES INTERNATIONAL AIRPORT, CA US","2020-04-24",,,,
"USW00023174","LOS ANGELES INTERNATIONAL AIRPORT, CA US","2020-04-25","    1",,,
"USW00023174","LOS ANGELES INTERNATIONAL AIRPORT, CA US","2020-04-26","    1","    1",,"    1"
"USW00023174","LOS ANGELES INTERNATIONAL AIRPORT, CA US","2020-04-27","    1",,,"    1"
"USW00023174","LOS ANGELES INTERNATIONAL AIRPORT, CA US","2020-04-28","    1",,,"    1"
"USW00023174","LOS ANGELES INTERNATIONAL AIRPORT, CA US","2020-04-29","    1","    1",,"    1"
"USW00023174","LOS ANGELES INTERNATIONAL AIRPORT, CA US","2020-04-30","    1",,,"    1"
"USW00023174","LOS ANGELES INTERNATIONAL AIRPORT, CA US","2020-05-01","    1",,,"    1"
"USW00023174","LOS ANGELES INTERNATIONAL AIRPORT, CA US","2020-05-02",,,,
"USW00023174","LOS ANGELES INTERNATIONAL AIRPORT, CA US","2020-05-03",,,,
"USW00023174","LOS ANGELES INTERNATIONAL AIRPORT, CA US","2020-05-04",,,,
"USW00023174","LOS ANGELES INTERNATIONAL AIRPORT, CA US","2020-05-05",,,,
"USW00023174","LOS ANGELES INTERNATIONAL AIRPORT, CA US","2020-05-06","    1",,,
"USW00023174","LOS ANGELES INTERNATIONAL AIRPORT, CA US","2020-05-07",,,,
"USW00023174","LOS ANGELES INTERNATIONAL AIRPORT, CA US","2020-05-08","    1","    1",,"    1"
"USW00023174","LOS ANGELES INTERNATIONAL AIRPORT, CA US","2020-05-09","    1",,,"    1"
"USW00023174","LOS ANGELES INTERNATIONAL AIRPORT, CA US","2020-05-10","    1",,,"    1"
"USW00023174","LOS ANGELES INTERNATIONAL AIRPORT, CA US","2020-05-11",,,,
"USW00023174","LOS ANGELES INTERNATIONAL AIRPORT, CA US","2020-05-12",,,,
"USW00023174","LOS ANGELES INTERNATIONAL AIRPORT, CA US","2020-05-13",,,,
"USW00023174","LOS ANGELES INTERNATIONAL AIRPORT, CA US","2020-05-14",,,,
"USW00023174","LOS ANGELES INTERNATIONAL AIRPORT, CA US","2020-05-15",,,,
"USW00023174","LOS ANGELES INTERNATIONAL AIRPORT, CA US","2020-05-16",,,,
"USW00023174","LOS ANGELES INTERNATIONAL AIRPORT, CA US","2020-05-17","    1",,,"    1"
"USW00023174","LOS ANGELES INTERNATIONAL AIRPORT, CA US","2020-05-18","    1",,,
"USW00023174","LOS ANGELES INTERNATIONAL AIRPORT, CA US","2020-05-19",,,,
"USW00023174","LOS ANGELES INTERNATIONAL AIRPORT, CA US","2020-05-20",,,,
"USW00023174","LOS ANGELES INTERNATIONAL AIRPORT, CA US","2020-05-21",,,,
"USW00023174","LOS ANGELES INTERNATIONAL AIRPORT, CA US","2020-05-22",,,,"    1"
"USW00023174","LOS ANGELES INTERNATIONAL AIRPORT, CA US","2020-05-23",,,,
"USW00023174","LOS ANGELES INTERNATIONAL AIRPORT, CA US","2020-05-24",,,,"    1"
"USW00023174","LOS ANGELES INTERNATIONAL AIRPORT, CA US","2020-05-25",,,,"    1"
"USW00023174","LOS ANGELES INTERNATIONAL AIRPORT, CA US","2020-05-26","    1","    1",,"    1"
"USW00023174","LOS ANGELES INTERNATIONAL AIRPORT, CA US","2020-05-27","    1","    1",,"    1"
"USW00023174","LOS ANGELES INTERNATIONAL AIRPORT, CA US","2020-05-28","    1",,,"    1"
"USW00023174","LOS ANGELES INTERNATIONAL AIRPORT, CA US","2020-05-29","    1",,,"    1"
"USW00023174","LOS ANGELES INTERNATIONAL AIRPORT, CA US","2020-05-30",,,,
"USW00023174","LOS ANGELES INTERNATIONAL AIRPORT, CA US","2020-05-31",,,,
"USW00023174","LOS ANGELES INTERNATIONAL AIRPORT, CA US","2020-06-01",,,,
"USW00023174","LOS ANGELES INTERNATIONAL AIRPORT, CA US","2020-06-02",,,,
"USW00023174","LOS ANGELES INTERNATIONAL AIRPORT, CA US","2020-06-03",,,,
"USW00023174","LOS ANGELES INTERNATIONAL AIRPORT, CA US","2020-06-04","    1",,,
"USW00023174","LOS ANGELES INTERNATIONAL AIRPORT, CA US","2020-06-05",,,,
"USW00023174","LOS ANGELES INTERNATIONAL AIRPORT, CA US","2020-06-06",,,,
"USW00023174","LOS ANGELES INTERNATIONAL AIRPORT, CA US","2020-06-07",,,,
"USW00023174","LOS ANGELES INTERNATIONAL AIRPORT, CA US","2020-06-08",,,,
"USW00023174","LOS ANGELES INTERNATIONAL AIRPORT, CA US","2020-06-09",,,,
"USW00023174","LOS ANGELES INTERNATIONAL AIRPORT, CA US","2020-06-10",,,,
"USW00023174","LOS ANGELES INTERNATIONAL AIRPORT, CA US","2020-06-11",,,,
"USW00023174","LOS ANGELES INTERNATIONAL AIRPORT, CA US","2020-06-12",,,,
"USW00023174","LOS ANGELES INTERNATIONAL AIRPORT, CA US","2020-06-13",,,,
"USW00023174","LOS ANGELES INTERNATIONAL AIRPORT, CA US","2020-06-14",,,,
"USW00023174","LOS ANGELES INTERNATIONAL AIRPORT, CA US","2020-06-15",,,,
"USW00023174","LOS ANGELES INTERNATIONAL AIRPORT, CA US","2020-06-16",,,,
"USW00023174","LOS ANGELES INTERNATIONAL AIRPORT, CA US","2020-06-17",,,,
"USW00023174","LOS ANGELES INTERNATIONAL AIRPORT, CA US","2020-06-18",,,,
"USW00023174","LOS ANGELES INTERNATIONAL AIRPORT, CA US","2020-06-19",,,,
"USW00023174","LOS ANGELES INTERNATIONAL AIRPORT, CA US","2020-06-20",,,,
"USW00023174","LOS ANGELES INTERNATIONAL AIRPORT, CA US","2020-06-21",,,,
"USW00023174","LOS ANGELES INTERNATIONAL AIRPORT, CA US","2020-06-22","    1",,,"    1"
"USW00023174","LOS ANGELES INTERNATIONAL AIRPORT, CA US","2020-06-23","    1",,,"    1"
"USW00023174","LOS ANGELES INTERNATIONAL AIRPORT, CA US","2020-06-24","    1",,,"    1"
"USW00023174","LOS ANGELES INTERNATIONAL AIRPORT, CA US","2020-06-25",,,,"    1"
"USW00023174","LOS ANGELES INTERNATIONAL AIRPORT, CA US","2020-06-26","    1",,,"    1"
"USW00023174","LOS ANGELES INTERNATIONAL AIRPORT, CA US","2020-06-27","    1",,,"    1"
"USW00023174","LOS ANGELES INTERNATIONAL AIRPORT, CA US","2020-06-28",,,,
"USW00023174","LOS ANGELES INTERNATIONAL AIRPORT, CA US","2020-06-29",,,,
"USW00023174","LOS ANGELES INTERNATIONAL AIRPORT, CA US","2020-06-30",,,,
"USW00023174","LOS ANGELES INTERNATIONAL AIRPORT, CA US","2020-07-01",,,,
"USW00023174","LOS ANGELES INTERNATIONAL AIRPORT, CA US","2020-07-02",,,,
"USW00023174","LOS ANGELES INTERNATIONAL AIRPORT, CA US","2020-07-03",,,,
"USW00023174","LOS ANGELES INTERNATIONAL AIRPORT, CA US","2020-07-04",,,,
"USW00023174","LOS ANGELES INTERNATIONAL AIRPORT, CA US","2020-07-05","    1",,,"    1"
"USW00023174","LOS ANGELES INTERNATIONAL AIRPORT, CA US","2020-07-06","    1","    1",,"    1"
"USW00023174","LOS ANGELES INTERNATIONAL AIRPORT, CA US","2020-07-07","    1",,,"    1"
"USW00023174","LOS ANGELES INTERNATIONAL AIRPORT, CA US","2020-07-08","    1",,,"    1"
"USW00023174","LOS ANGELES INTERNATIONAL AIRPORT, CA US","2020-07-09","    1",,,"    1"
"USW00023174","LOS ANGELES INTERNATIONAL AIRPORT, CA US","2020-07-10","    1",,,"    1"
"USW00023174","LOS ANGELES INTERNATIONAL AIRPORT, CA US","2020-07-11","    1",,,
"USW00023174","LOS ANGELES INTERNATIONAL AIRPORT, CA US","2020-07-12",,,,
"USW00023174","LOS ANGELES INTERNATIONAL AIRPORT, CA US","2020-07-13","    1",,,"    1"
"USW00023174","LOS ANGELES INTERNATIONAL AIRPORT, CA US","2020-07-14",,,,"    1"
"USW00023174","LOS ANGELES INTERNATIONAL AIRPORT, CA US","2020-07-15",,,,
"USW00023174","LOS ANGELES INTERNATIONAL AIRPORT, CA US","2020-07-16",,,,
"USW00023174","LOS ANGELES INTERNATIONAL AIRPORT, CA US","2020-07-17",,,,
"USW00023174","LOS ANGELES INTERNATIONAL AIRPORT, CA US","2020-07-18",,,,
"USW00023174","LOS ANGELES INTERNATIONAL AIRPORT, CA US","2020-07-19",,,,
"USW00023174","LOS ANGELES INTERNATIONAL AIRPORT, CA US","2020-07-20",,,,
"USW00023174","LOS ANGELES INTERNATIONAL AIRPORT, CA US","2020-07-21","    1","    1",,
"USW00023174","LOS ANGELES INTERNATIONAL AIRPORT, CA US","2020-07-22","    1","    1",,"    1"
"USW00023174","LOS ANGELES INTERNATIONAL AIRPORT, CA US","2020-07-23",,,,
"USW00023174","LOS ANGELES INTERNATIONAL AIRPORT, CA US","2020-07-24",,,,
"USW00023174","LOS ANGELES INTERNATIONAL AIRPORT, CA US","2020-07-25","    1",,,"    1"
"USW00023174","LOS ANGELES INTERNATIONAL AIRPORT, CA US","2020-07-26","    1",,,"    1"
"USW00023174","LOS ANGELES INTERNATIONAL AIRPORT, CA US","2020-07-27","    1",,,"    1"
"USW00023174","LOS ANGELES INTERNATIONAL AIRPORT, CA US","2020-07-28","    1",,,"    1"
"USW00023174","LOS ANGELES INTERNATIONAL AIRPORT, CA US","2020-07-29","    1","    1",,
"USW00023174","LOS ANGELES INTERNATIONAL AIRPORT, CA US","2020-07-30","    1","    1",,
"USW00023174","LOS ANGELES INTERNATIONAL AIRPORT, CA US","2020-07-31",,,,
"USW00023174","LOS ANGELES INTERNATIONAL AIRPORT, CA US","2020-08-01","    1",,,
"USW00023174","LOS ANGELES INTERNATIONAL AIRPORT, CA US","2020-08-02","    1","    1",,"    1"
"USW00023174","LOS ANGELES INTERNATIONAL AIRPORT, CA US","2020-08-03","    1",,,"    1"
"USW00023174","LOS ANGELES INTERNATIONAL AIRPORT, CA US","2020-08-04","    1",,,"    1"
"USW00023174","LOS ANGELES INTERNATIONAL AIRPORT, CA US","2020-08-05",,,,
"USW00023174","LOS ANGELES INTERNATIONAL AIRPORT, CA US","2020-08-06",,,,
"USW00023174","LOS ANGELES INTERNATIONAL AIRPORT, CA US","2020-08-07",,,,
"USW00023174","LOS ANGELES INTERNATIONAL AIRPORT, CA US","2020-08-08",,,,"    1"
"USW00023174","LOS ANGELES INTERNATIONAL AIRPORT, CA US","2020-08-09",,,,
"USW00023174","LOS ANGELES INTERNATIONAL AIRPORT, CA US","2020-08-10",,,,
"USW00023174","LOS ANGELES INTERNATIONAL AIRPORT, CA US","2020-08-11",,,,
"USW00023174","LOS ANGELES INTERNATIONAL AIRPORT, CA US","2020-08-12","    1",,,
"USW00023174","LOS ANGELES INTERNATIONAL AIRPORT, CA US","2020-08-13",,,,
"USW00023174","LOS ANGELES INTERNATIONAL AIRPORT, CA US","2020-08-14",,,,
"USW00023174","LOS ANGELES INTERNATIONAL AIRPORT, CA US","2020-08-15",,,,
"USW00023174","LOS ANGELES INTERNATIONAL AIRPORT, CA US","2020-08-16","    1","    1",,
"USW00023174","LOS ANGELES INTERNATIONAL AIRPORT, CA US","2020-08-17","    1",,,
"USW00023174","LOS ANGELES INTERNATIONAL AIRPORT, CA US","2020-08-18","    1",,,"    1"
"USW00023174","LOS ANGELES INTERNATIONAL AIRPORT, CA US","2020-08-19",,,,
"USW00023174","LOS ANGELES INTERNATIONAL AIRPORT, CA US","2020-08-20",,,,
"USW00023174","LOS ANGELES INTERNATIONAL AIRPORT, CA US","2020-08-21","    1",,,"    1"
"USW00023174","LOS ANGELES INTERNATIONAL AIRPORT, CA US","2020-08-22","    1",,,"    1"
"USW00023174","LOS ANGELES INTERNATIONAL AIRPORT, CA US","2020-08-23",,,,"    1"
"USW00023174","LOS ANGELES INTERNATIONAL AIRPORT, CA US","2020-08-24","    1",,,
"USW00023174","LOS ANGELES INTERNATIONAL AIRPORT, CA US","2020-08-25","    1",,,
"USW00023174","LOS ANGELES INTERNATIONAL AIRPORT, CA US","2020-08-26","    1","    1",,
"USW00023174","LOS ANGELES INTERNATIONAL AIRPORT, CA US","2020-08-27",,,,
"USW00023174","LOS ANGELES INTERNATIONAL AIRPORT, CA US","2020-08-28",,,,
"USW00023174","LOS ANGELES INTERNATIONAL AIRPORT, CA US","2020-08-29",,,,
"USW00023174","LOS ANGELES INTERNATIONAL AIRPORT, CA US","2020-08-30",,,,
"USW00023174","LOS ANGELES INTERNATIONAL AIRPORT, CA US","2020-08-31",,,,
"USW00023174","LOS ANGELES INTERNATIONAL AIRPORT, CA US","2020-09-01",,,,
"USW00023174","LOS ANGELES INTERNATIONAL AIRPORT, CA US","2020-09-02",,,,
"USW00023174","LOS ANGELES INTERNATIONAL AIRPORT, CA US","2020-09-03",,,,"    1"
"USW00023174","LOS ANGELES INTERNATIONAL AIRPORT, CA US","2020-09-04",,,,"    1"
"USW00023174","LOS ANGELES INTERNATIONAL AIRPORT, CA US","2020-09-05",,,,
"USW00023174","LOS ANGELES INTERNATIONAL AIRPORT, CA US","2020-09-06",,,,
"USW00023174","LOS ANGELES INTERNATIONAL AIRPORT, CA US","2020-09-07",,,,"    1"
"USW00023174","LOS ANGELES INTERNATIONAL AIRPORT, CA US","2020-09-08",,,,"    1"
"USW00023174","LOS ANGELES INTERNATIONAL AIRPORT, CA US","2020-09-09","    1",,,"    1"
"USW00023174","LOS ANGELES INTERNATIONAL AIRPORT, CA US","2020-09-10","    1","    1",,"    1"
"USW00023174","LOS ANGELES INTERNATIONAL AIRPORT, CA US","2020-09-11",,,,"    1"
"USW00023174","LOS ANGELES INTERNATIONAL AIRPORT, CA US","2020-09-12","    1",,,"    1"
"USW00023174","LOS ANGELES INTERNATIONAL AIRPORT, CA US","2020-09-13","    1",,,"    1"
"USW00023174","LOS ANGELES INTERNATIONAL AIRPORT, CA US","2020-09-14","    1",,,"    1"
"USW00023174","LOS ANGELES INTERNATIONAL AIRPORT, CA US","2020-09-15",,,,"    1"
"USW00023174","LOS ANGELES INTERNATIONAL AIRPORT, CA US","2020-09-16",,,,"    1"
"USW00023174","LOS ANGELES INTERNATIONAL AIRPORT, CA US","2020-09-17","    1",,,"    1"
"USW00023174","LOS ANGELES INTERNATIONAL AIRPORT, CA US","2020-09-18",,,,
"USW00023174","LOS ANGELES INTERNATIONAL AIRPORT, CA US","2020-09-19",,,,
"USW00023174","LOS ANGELES INTERNATIONAL AIRPORT, CA US","2020-09-20","    1","    1",,"    1"
"USW00023174","LOS ANGELES INTERNATIONAL AIRPORT, CA US","2020-09-21","    1",,,"    1"
"USW00023174","LOS ANGELES INTERNATIONAL AIRPORT, CA US","2020-09-22","    1",,,"    1"
"USW00023174","LOS ANGELES INTERNATIONAL AIRPORT, CA US","2020-09-23","    1",,,"    1"
"USW00023174","LOS ANGELES INTERNATIONAL AIRPORT, CA US","2020-09-24","    1","    1",,
"USW00023174","LOS ANGELES INTERNATIONAL AIRPORT, CA US","2020-09-25","    1","    1",,"    1"
"USW00023174","LOS ANGELES INTERNATIONAL AIRPORT, CA US","2020-09-26","    1",,,"    1"
"USW00023174","LOS ANGELES INTERNATIONAL AIRPORT, CA US","2020-09-27","    1",,,"    1"
"USW00023174","LOS ANGELES INTERNATIONAL AIRPORT, CA US","2020-09-28","    1",,,"    1"
"USW00023174","LOS ANGELES INTERNATIONAL AIRPORT, CA US","2020-09-29","    1",,,
"USW00023174","LOS ANGELES INTERNATIONAL AIRPORT, CA US","2020-09-30",,,,
"USW00023174","LOS ANGELES INTERNATIONAL AIRPORT, CA US","2020-10-01",,,,
"USW00023174","LOS ANGELES INTERNATIONAL AIRPORT, CA US","2020-10-02","    1",,,
"USW00023174","LOS ANGELES INTERNATIONAL AIRPORT, CA US","2020-10-03","    1",,,"    1"
"USW00023174","LOS ANGELES INTERNATIONAL AIRPORT, CA US","2020-10-04","    1","    1",,"    1"
"USW00023174","LOS ANGELES INTERNATIONAL AIRPORT, CA US","2020-10-05","    1",,,"    1"
"USW00023174","LOS ANGELES INTERNATIONAL AIRPORT, CA US","2020-10-06","    1",,,"    1"
"USW00023174","LOS ANGELES INTERNATIONAL AIRPORT, CA US","2020-10-07","    1",,,"    1"
"USW00023174","LOS ANGELES INTERNATIONAL AIRPORT, CA US","2020-10-08",,,,"    1"
"USW00023174","LOS ANGELES INTERNATIONAL AIRPORT, CA US","2020-10-09",,,,
"USW00023174","LOS ANGELES INTERNATIONAL AIRPORT, CA US","2020-10-10",,,,
"USW00023174","LOS ANGELES INTERNATIONAL AIRPORT, CA US","2020-10-11",,,,
"USW00023174","LOS ANGELES INTERNATIONAL AIRPORT, CA US","2020-10-12",,,,
"USW00023174","LOS ANGELES INTERNATIONAL AIRPORT, CA US","2020-10-13",,,,"    1"
"USW00023174","LOS ANGELES INTERNATIONAL AIRPORT, CA US","2020-10-14","    1",,,"    1"
"USW00023174","LOS ANGELES INTERNATIONAL AIRPORT, CA US","2020-10-15","    1",,,
"USW00023174","LOS ANGELES INTERNATIONAL AIRPORT, CA US","2020-10-16","    1","    1",,"    1"
"USW00023174","LOS ANGELES INTERNATIONAL AIRPORT, CA US","2020-10-17","    1","    1",,"    1"
"USW00023174","LOS ANGELES INTERNATIONAL AIRPORT, CA US","2020-10-18","    1","    1",,"    1"
"USW00023174","LOS ANGELES INTERNATIONAL AIRPORT, CA US","2020-10-19","    1",,,"    1"
"USW00023174","LOS ANGELES INTERNATIONAL AIRPORT, CA US","2020-10-20","    1",,,"    1"
"USW00023174","LOS ANGELES INTERNATIONAL AIRPORT, CA US","2020-10-21","    1",,,"    1"
"USW00023174","LOS ANGELES INTERNATIONAL AIRPORT, CA US","2020-10-22",,,,
"USW00023174","LOS ANGELES INTERNATIONAL AIRPORT, CA US","2020-10-23",,,,
"USW00023174","LOS ANGELES INTERNATIONAL AIRPORT, CA US","2020-10-24",,,,
"USW00023174","LOS ANGELES INTERNATIONAL AIRPORT, CA US","2020-10-25",,,,
"USW00023174","LOS ANGELES INTERNATIONAL AIRPORT, CA US","2020-10-26",,,,"    1"
"USW00023174","LOS ANGELES INTERNATIONAL AIRPORT, CA US","2020-10-27",,,,"    1"
"USW00023174","LOS ANGELES INTERNATIONAL AIRPORT, CA US","2020-10-28",,,,
"USW00023174","LOS ANGELES INTERNATIONAL AIRPORT, CA US","2020-10-29",,,,
"USW00023174","LOS ANGELES INTERNATIONAL AIRPORT, CA US","2020-10-30","    1",,,"    1"
"USW00023174","LOS ANGELES INTERNATIONAL AIRPORT, CA US","2020-10-31","    1",,,"    1"
"USW00023174","LOS ANGELES INTERNATIONAL AIRPORT, CA US","2020-11-01","    1","    1",,"    1"
"USW00023174","LOS ANGELES INTERNATIONAL AIRPORT, CA US","2020-11-02","    1","    1",,"    1"
"USW00023174","LOS ANGELES INTERNATIONAL AIRPORT, CA US","2020-11-03","    1","    1",,"    1"
"USW00023174","LOS ANGELES INTERNATIONAL AIRPORT, CA US","2020-11-04","    1","    1",,"    1"
"USW00023174","LOS ANGELES INTERNATIONAL AIRPORT, CA US","2020-11-05","    1",,,
"USW00023174","LOS ANGELES INTERNATIONAL AIRPORT, CA US","2020-11-06","    1",,,"    1"
"USW00023174","LOS ANGELES INTERNATIONAL AIRPORT, CA US","2020-11-07",,,"    1",
"USW00023174","LOS ANGELES INTERNATIONAL AIRPORT, CA US","2020-11-08",,,,
"USW00023174","LOS ANGELES INTERNATIONAL AIRPORT, CA US","2020-11-09",,,,
"USW00023174","LOS ANGELES INTERNATIONAL AIRPORT, CA US","2020-11-10",,,,
"USW00023174","LOS ANGELES INTERNATIONAL AIRPORT, CA US","2020-11-11",,,,
"USW00023174","LOS ANGELES INTERNATIONAL AIRPORT, CA US","2020-11-12",,,,
"USW00023174","LOS ANGELES INTERNATIONAL AIRPORT, CA US","2020-11-13",,,,
"USW00023174","LOS ANGELES INTERNATIONAL AIRPORT, CA US","2020-11-14",,,,
"USW00023174","LOS ANGELES INTERNATIONAL AIRPORT, CA US","2020-11-15",,,,
"USW00023174","LOS ANGELES INTERNATIONAL AIRPORT, CA US","2020-11-16",,,,
"USW00023174","LOS ANGELES INTERNATIONAL AIRPORT, CA US","2020-11-17","    1",,,
"USW00023174","LOS ANGELES INTERNATIONAL AIRPORT, CA US","2020-11-18","    1","    1",,
"USW00023174","LOS ANGELES INTERNATIONAL AIRPORT, CA US","2020-11-19","    1",,,"    1"
"USW00023174","LOS ANGELES INTERNATIONAL AIRPORT, CA US","2020-11-20","    1",,,
"USW00023174","LOS ANGELES INTERNATIONAL AIRPORT, CA US","2020-11-21","    1",,,"    1"
"USW00023174","LOS ANGELES INTERNATIONAL AIRPORT, CA US","2020-11-22","    1",,,"    1"
"USW00023174","LOS ANGELES INTERNATIONAL AIRPORT, CA US","2020-11-23","    1","    1",,"    1"
"USW00023174","LOS ANGELES INTERNATIONAL AIRPORT, CA US","2020-11-24","    1",,,"    1"
"USW00023174","LOS ANGELES INTERNATIONAL AIRPORT, CA US","2020-11-25","    1","    1",,"    1"
"USW00023174","LOS ANGELES INTERNATIONAL AIRPORT, CA US","2020-11-26","    1",,,"    1"
"USW00023174","LOS ANGELES INTERNATIONAL AIRPORT, CA US","2020-11-27",,,,
"USW00023174","LOS ANGELES INTERNATIONAL AIRPORT, CA US","2020-11-28",,,,
"USW00023174","LOS ANGELES INTERNATIONAL AIRPORT, CA US","2020-11-29",,,,
"USW00023174","LOS ANGELES INTERNATIONAL AIRPORT, CA US","2020-11-30",,,,
"USW00023174","LOS ANGELES INTERNATIONAL AIRPORT, CA US","2020-12-01",,,,
"USW00023174","LOS ANGELES INTERNATIONAL AIRPORT, CA US","2020-12-02",,,,"    1"
"USW00023174","LOS ANGELES INTERNATIONAL AIRPORT, CA US","2020-12-03",,,,
"USW00023174","LOS ANGELES INTERNATIONAL AIRPORT, CA US","2020-12-04",,,,
"USW00023174","LOS ANGELES INTERNATIONAL AIRPORT, CA US","2020-12-05","    1",,,"    1"
"USW00023174","LOS ANGELES INTERNATIONAL AIRPORT, CA US","2020-12-06",,,,
"USW00023174","LOS ANGELES INTERNATIONAL AIRPORT, CA US","2020-12-07",,,,"    1"
"USW00023174","LOS ANGELES INTERNATIONAL AIRPORT, CA US","2020-12-08",,,,
"USW00023174","LOS ANGELES INTERNATIONAL AIRPORT, CA US","2020-12-09",,,,"    1"
"USW00023174","LOS ANGELES INTERNATIONAL AIRPORT, CA US","2020-12-10",,,,"    1"
"USW00023174","LOS ANGELES INTERNATIONAL AIRPORT, CA US","2020-12-11",,,,"    1"
"USW00023174","LOS ANGELES INTERNATIONAL AIRPORT, CA US","2020-12-12","    1",,,"    1"
"USW00023174","LOS ANGELES INTERNATIONAL AIRPORT, CA US","2020-12-13",,,,
"USW00023174","LOS ANGELES INTERNATIONAL AIRPORT, CA US","2020-12-14",,,,
"USW00023174","LOS ANGELES INTERNATIONAL AIRPORT, CA US","2020-12-15",,,,
"USW00023174","LOS ANGELES INTERNATIONAL AIRPORT, CA US","2020-12-16",,,,
"USW00023174","LOS ANGELES INTERNATIONAL AIRPORT, CA US","2020-12-17","    1",,,"    1"
"USW00023174","LOS ANGELES INTERNATIONAL AIRPORT, CA US","2020-12-18",,,,
"USW00023174","LOS ANGELES INTERNATIONAL AIRPORT, CA US","2020-12-19",,,,
"USW00023174","LOS ANGELES INTERNATIONAL AIRPORT, CA US","2020-12-20",,,,
"USW00023174","LOS ANGELES INTERNATIONAL AIRPORT, CA US","2020-12-21",,,,
"USW00023174","LOS ANGELES INTERNATIONAL AIRPORT, CA US","2020-12-22","    1","    1",,"    1"
"USW00023174","LOS ANGELES INTERNATIONAL AIRPORT, CA US","2020-12-23","    1",,,"    1"
"USW00023174","LOS ANGELES INTERNATIONAL AIRPORT, CA US","2020-12-24",,,,
"USW00023174","LOS ANGELES INTERNATIONAL AIRPORT, CA US","2020-12-25",,,,
"USW00023174","LOS ANGELES INTERNATIONAL AIRPORT, CA US","2020-12-26",,,,
"USW00023174","LOS ANGELES INTERNATIONAL AIRPORT, CA US","2020-12-27","    1","    1",,
"USW00023174","LOS ANGELES INTERNATIONAL AIRPORT, CA US","2020-12-28","    1",,"    1","    1"
"USW00023174","LOS ANGELES INTERNATIONAL AIRPORT, CA US","2020-12-29",,,,
"USW00023174","LOS ANGELES INTERNATIONAL AIRPORT, CA US","2020-12-30",,,,
"USW00023174","LOS ANGELES INTERNATIONAL AIRPORT, CA US","2020-12-31",,,,